{"v":"5.4.4","fr":100,"ip":0,"op":195,"w":242,"h":228,"nm":"Message","ddd":0,"assets":[],"layers":[{"ddd":0,"ind":1,"ty":4,"nm":"Path 2","sr":1,"ks":{"o":{"a":0,"k":100,"ix":11},"r":{"a":0,"k":0,"ix":10},"p":{"a":0,"k":[122.24999999999999,114.5,0],"ix":2},"a":{"a":0,"k":[0,0,0],"ix":1},"s":{"a":0,"k":[187.5,187.5,100],"ix":6}},"ao":0,"shapes":[{"ty":"gr","it":[{"ind":0,"ty":"sh","ix":1,"ks":{"a":0,"k":{"i":[[0,0],[0,0],[0,0]],"o":[[0,0],[0,0],[0,0]],"v":[[-10,1.11],[-3.95,7],[10,-7]],"c":false},"ix":2},"nm":"Path 1","mn":"ADBE Vector Shape - Group","hd":false},{"ty":"st","c":{"a":0,"k":[1,1,1,1],"ix":3},"o":{"a":0,"k":100,"ix":4},"w":{"a":0,"k":4,"ix":5},"lc":2,"lj":2,"bm":0,"nm":"Stroke 1","mn":"ADBE Vector Graphic - Stroke","hd":false},{"ty":"tr","p":{"a":0,"k":[0,0],"ix":2},"a":{"a":0,"k":[0,0],"ix":1},"s":{"a":0,"k":[200,200],"ix":3},"r":{"a":0,"k":0,"ix":6},"o":{"a":0,"k":100,"ix":7},"sk":{"a":0,"k":0,"ix":4},"sa":{"a":0,"k":0,"ix":5},"nm":"Transform"}],"nm":"Path 2","np":2,"cix":2,"bm":0,"ix":1,"mn":"ADBE Vector Group","hd":false},{"ty":"tm","s":{"a":0,"k":0,"ix":1},"e":{"a":1,"k":[{"i":{"x":[0.833],"y":[0.833]},"o":{"x":[0.167],"y":[0.167]},"t":147,"s":[0],"e":[100]},{"t":165}],"ix":2},"o":{"a":0,"k":0,"ix":3},"m":1,"ix":2,"nm":"Trim Paths 1","mn":"ADBE Vector Filter - Trim","hd":false}],"ip":0,"op":195,"st":0,"bm":0},{"ddd":0,"ind":2,"ty":4,"nm":"Shape Layer 2","sr":1,"ks":{"o":{"a":0,"k":100,"ix":11},"r":{"a":0,"k":0,"ix":10},"p":{"a":0,"k":[121,113.99999999999999,0],"ix":2},"a":{"a":0,"k":[0,0,0],"ix":1},"s":{"a":0,"k":[100,100,100],"ix":6}},"ao":0,"hasMask":true,"masksProperties":[{"inv":false,"mode":"a","pt":{"a":1,"k":[{"i":{"x":0.833,"y":1},"o":{"x":0.167,"y":0},"t":0,"s":[{"i":[[12.5,12.5],[8,-1.5],[14.5,-8],[6.5,5],[0,0],[0,0],[-9,12],[0,0],[18,20],[34,-0.5]],"o":[[-12.5,-12.5],[-8,1.5],[-14.5,8],[-6.5,-5],[0,0],[0,0],[9,-12],[0,0],[-18,-20],[-34,0.5]],"v":[[-11.5,88.25],[-47.5,87.75],[-69.5,65.75],[-71,81.25],[-97.5,99.75],[-78.5,97.25],[93.5,96.75],[115,97.25],[106.5,86.75],[54,97.75]],"c":true}],"e":[{"i":[[12.5,12.5],[8,-1.5],[14.5,-8],[6.5,5],[0,0],[0,0],[-9,12],[0,0],[18,20],[34,-0.5]],"o":[[-12.5,-12.5],[-8,1.5],[-14.5,8],[-6.5,-5],[0,0],[0,0],[9,-12],[0,0],[-18,-20],[-34,0.5]],"v":[[-21.5,86],[-57.5,85.5],[-79.5,63.5],[-81,79],[-107.5,97.5],[-88.5,95],[83.5,94.5],[105,95],[96.5,84.5],[44,95.5]],"c":true}]},{"i":{"x":0.384,"y":0.405},"o":{"x":0.333,"y":0},"t":5,"s":[{"i":[[12.5,12.5],[8,-1.5],[14.5,-8],[6.5,5],[0,0],[0,0],[-9,12],[0,0],[18,20],[34,-0.5]],"o":[[-12.5,-12.5],[-8,1.5],[-14.5,8],[-6.5,-5],[0,0],[0,0],[9,-12],[0,0],[-18,-20],[-34,0.5]],"v":[[-21.5,86],[-57.5,85.5],[-79.5,63.5],[-81,79],[-107.5,97.5],[-88.5,95],[83.5,94.5],[105,95],[96.5,84.5],[44,95.5]],"c":true}],"e":[{"i":[[15.488,-8.013],[8,-1.5],[14.5,-8],[6.5,5],[0,0],[0,0],[-9,12],[0,0],[18,20],[15.87,12.012]],"o":[[-15.401,7.969],[-8,1.5],[-14.5,8],[-6.5,-5],[0,0],[0,0],[9,-12],[0,0],[-18,-20],[-15.87,-12.012]],"v":[[-14.988,50.513],[-52.788,44.296],[-78.114,41.915],[-83.9,44.562],[-105.929,74.421],[-88.5,95],[83.5,94.5],[104.396,69.021],[95.654,45.108],[39.37,62.512]],"c":true}]},{"i":{"x":0.667,"y":0.708},"o":{"x":0.573,"y":0.585},"t":27,"s":[{"i":[[15.488,-8.013],[8,-1.5],[14.5,-8],[6.5,5],[0,0],[0,0],[-9,12],[0,0],[18,20],[15.87,12.012]],"o":[[-15.401,7.969],[-8,1.5],[-14.5,8],[-6.5,-5],[0,0],[0,0],[9,-12],[0,0],[-18,-20],[-15.87,-12.012]],"v":[[-14.988,50.513],[-52.788,44.296],[-78.114,41.915],[-83.9,44.562],[-105.929,74.421],[-88.5,95],[83.5,94.5],[104.396,69.021],[95.654,45.108],[39.37,62.512]],"c":true}],"e":[{"i":[[21.8,-8.25],[8,-1.5],[14.5,-8],[6.5,5],[0,0],[0,0],[-9,12],[0,0],[18,20],[13.9,3.162]],"o":[[-21.8,8.25],[-8,1.5],[-14.5,8],[-6.5,-5],[0,0],[0,0],[9,-12],[0,0],[-18,-20],[-13.9,-3.163]],"v":[[-8.7,16.25],[-48.238,4.513],[-76.775,21.075],[-86.7,11.312],[-104.413,52.138],[-88.5,95],[83.5,94.5],[103.813,43.938],[94.838,7.075],[34.9,30.663]],"c":true}]},{"i":{"x":0.667,"y":0.57},"o":{"x":0.333,"y":0.322},"t":61,"s":[{"i":[[21.8,-8.25],[8,-1.5],[14.5,-8],[6.5,5],[0,0],[0,0],[-9,12],[0,0],[18,20],[13.9,3.162]],"o":[[-21.8,8.25],[-8,1.5],[-14.5,8],[-6.5,-5],[0,0],[0,0],[9,-12],[0,0],[-18,-20],[-13.9,-3.163]],"v":[[-8.7,16.25],[-48.238,4.513],[-76.775,21.075],[-86.7,11.312],[-104.413,52.138],[-88.5,95],[83.5,94.5],[103.813,43.938],[94.838,7.075],[34.9,30.663]],"c":true}],"e":[{"i":[[14.939,7.212],[8,-1.5],[14.5,-8],[6.5,5],[0,0],[0,0],[-9,12],[0,0],[18,20],[34,-0.5]],"o":[[-14.071,-7.143],[-8,1.5],[-14.5,8],[-6.5,-5],[0,0],[0,0],[9,-12],[0,0],[-18,-20],[-34,0.5]],"v":[[-17,-45],[-42.875,-52.851],[-71.25,-58.75],[-90,-27.875],[-102.625,25.875],[-88.5,95],[83.5,94.5],[103.125,14.375],[93.875,-37.75],[18.833,-18.756]],"c":true}]},{"i":{"x":0.667,"y":0.886},"o":{"x":0.017,"y":0.02},"t":109,"s":[{"i":[[14.939,7.212],[8,-1.5],[14.5,-8],[6.5,5],[0,0],[0,0],[-9,12],[0,0],[18,20],[34,-0.5]],"o":[[-14.071,-7.143],[-8,1.5],[-14.5,8],[-6.5,-5],[0,0],[0,0],[9,-12],[0,0],[-18,-20],[-34,0.5]],"v":[[-17,-45],[-42.875,-52.851],[-71.25,-58.75],[-90,-27.875],[-102.625,25.875],[-88.5,95],[83.5,94.5],[103.125,14.375],[93.875,-37.75],[18.833,-18.756]],"c":true}],"e":[{"i":[[12.5,12.5],[8,-1.5],[14.5,-8],[6.5,5],[0,0],[0,0],[-9,12],[0,0],[18,20],[34,-0.5]],"o":[[-12.5,-12.5],[-8,1.5],[-14.5,8],[-6.5,-5],[0,0],[0,0],[9,-12],[0,0],[-18,-20],[-34,0.5]],"v":[[6.5,-104],[-38,-105],[-68.5,-99.5],[-93,-63.5],[-101,2],[-88.5,95],[83.5,94.5],[102.5,-12.5],[93,-78.5],[48,-81]],"c":true}]},{"t":145}],"ix":1},"o":{"a":0,"k":100,"ix":3},"x":{"a":0,"k":0,"ix":4},"nm":"Mask 1"},{"inv":false,"mode":"n","pt":{"a":0,"k":{"i":[[0,0]],"o":[[0,0]],"v":[[159.5,-3]],"c":false},"ix":1},"o":{"a":0,"k":100,"ix":3},"x":{"a":0,"k":0,"ix":4},"nm":"Mask 2"}],"shapes":[{"ty":"gr","it":[{"ind":0,"ty":"sh","ix":1,"ks":{"a":0,"k":{"i":[[0,0]],"o":[[0,0]],"v":[[180.5,34.5]],"c":false},"ix":2},"nm":"Path 1","mn":"ADBE Vector Shape - Group","hd":false},{"ty":"st","c":{"a":0,"k":[1,1,1,1],"ix":3},"o":{"a":0,"k":100,"ix":4},"w":{"a":0,"k":2,"ix":5},"lc":1,"lj":1,"ml":4,"bm":0,"nm":"Stroke 1","mn":"ADBE Vector Graphic - Stroke","hd":false},{"ty":"fl","c":{"a":0,"k":[0.2,0.19607843137254902,0.39215686274509803,1],"ix":4},"o":{"a":0,"k":100,"ix":5},"r":1,"bm":0,"nm":"Fill 1","mn":"ADBE Vector Graphic - Fill","hd":false},{"ty":"tr","p":{"a":0,"k":[0,0],"ix":2},"a":{"a":0,"k":[0,0],"ix":1},"s":{"a":0,"k":[100,100],"ix":3},"r":{"a":0,"k":0,"ix":6},"o":{"a":0,"k":100,"ix":7},"sk":{"a":0,"k":0,"ix":4},"sa":{"a":0,"k":0,"ix":5},"nm":"Transform"}],"nm":"Shape 1","np":3,"cix":2,"bm":0,"ix":1,"mn":"ADBE Vector Group","hd":false},{"ty":"gr","it":[{"d":1,"ty":"el","s":{"a":0,"k":[173.498,173.498],"ix":2},"p":{"a":0,"k":[0,0],"ix":3},"nm":"Ellipse Path 1","mn":"ADBE Vector Shape - Ellipse","hd":false},{"ty":"st","c":{"a":0,"k":[1,1,1,1],"ix":3},"o":{"a":0,"k":100,"ix":4},"w":{"a":0,"k":2,"ix":5},"lc":1,"lj":1,"ml":4,"bm":0,"nm":"Stroke 1","mn":"ADBE Vector Graphic - Stroke","hd":false},{"ty":"fl","c":{"a":0,"k":[0.2,0.19607843137254902,0.39215686274509803,1],"ix":4},"o":{"a":0,"k":100,"ix":5},"r":1,"bm":0,"nm":"Fill 1","mn":"ADBE Vector Graphic - Fill","hd":false},{"ty":"tr","p":{"a":0,"k":[0.397,-1.624],"ix":2},"a":{"a":0,"k":[0,0],"ix":1},"s":{"a":0,"k":[100,100],"ix":3},"r":{"a":0,"k":0,"ix":6},"o":{"a":0,"k":100,"ix":7},"sk":{"a":0,"k":0,"ix":4},"sa":{"a":0,"k":0,"ix":5},"nm":"Transform"}],"nm":"Ellipse 1","np":3,"cix":2,"bm":0,"ix":2,"mn":"ADBE Vector Group","hd":false}],"ip":0,"op":3600,"st":0,"bm":0},{"ddd":0,"ind":3,"ty":4,"nm":"Shape Layer 1","sr":1,"ks":{"o":{"a":0,"k":100,"ix":11},"r":{"a":0,"k":0,"ix":10},"p":{"a":0,"k":[121,113.99999999999999,0],"ix":2},"a":{"a":0,"k":[0,0,0],"ix":1},"s":{"a":0,"k":[100,100,100],"ix":6}},"ao":0,"hasMask":true,"masksProperties":[{"inv":false,"mode":"a","pt":{"a":1,"k":[{"i":{"x":0.384,"y":0.405},"o":{"x":0.333,"y":0},"t":0,"s":[{"i":[[12.5,12.5],[8,-1.5],[14.5,-8],[6.5,5],[0,0],[0,0],[-9,12],[0,0],[18,20],[34,-0.5]],"o":[[-12.5,-12.5],[-8,1.5],[-14.5,8],[-6.5,-5],[0,0],[0,0],[9,-12],[0,0],[-18,-20],[-34,0.5]],"v":[[-21.5,86],[-57.5,85.5],[-79.5,63.5],[-81,79],[-107.5,97.5],[-88.5,95],[83.5,94.5],[105,95],[96.5,84.5],[44,95.5]],"c":true}],"e":[{"i":[[15.488,-8.013],[8,-1.5],[14.5,-8],[6.5,5],[0,0],[0,0],[-9,12],[0,0],[18,20],[15.87,12.012]],"o":[[-15.401,7.969],[-8,1.5],[-14.5,8],[-6.5,-5],[0,0],[0,0],[9,-12],[0,0],[-18,-20],[-15.87,-12.012]],"v":[[-14.988,50.513],[-52.788,44.296],[-78.114,41.915],[-83.9,44.562],[-105.929,74.421],[-88.5,95],[83.5,94.5],[104.396,69.021],[95.654,45.108],[39.37,62.512]],"c":true}]},{"i":{"x":0.667,"y":0.708},"o":{"x":0.573,"y":0.585},"t":22,"s":[{"i":[[15.488,-8.013],[8,-1.5],[14.5,-8],[6.5,5],[0,0],[0,0],[-9,12],[0,0],[18,20],[15.87,12.012]],"o":[[-15.401,7.969],[-8,1.5],[-14.5,8],[-6.5,-5],[0,0],[0,0],[9,-12],[0,0],[-18,-20],[-15.87,-12.012]],"v":[[-14.988,50.513],[-52.788,44.296],[-78.114,41.915],[-83.9,44.562],[-105.929,74.421],[-88.5,95],[83.5,94.5],[104.396,69.021],[95.654,45.108],[39.37,62.512]],"c":true}],"e":[{"i":[[21.8,-8.25],[8,-1.5],[14.5,-8],[6.5,5],[0,0],[0,0],[-9,12],[0,0],[18,20],[13.9,3.162]],"o":[[-21.8,8.25],[-8,1.5],[-14.5,8],[-6.5,-5],[0,0],[0,0],[9,-12],[0,0],[-18,-20],[-13.9,-3.163]],"v":[[-8.7,16.25],[-48.238,4.513],[-76.775,21.075],[-86.7,11.312],[-104.413,52.138],[-88.5,95],[83.5,94.5],[103.813,43.938],[94.838,7.075],[34.9,30.663]],"c":true}]},{"i":{"x":0.667,"y":0.57},"o":{"x":0.333,"y":0.322},"t":56,"s":[{"i":[[21.8,-8.25],[8,-1.5],[14.5,-8],[6.5,5],[0,0],[0,0],[-9,12],[0,0],[18,20],[13.9,3.162]],"o":[[-21.8,8.25],[-8,1.5],[-14.5,8],[-6.5,-5],[0,0],[0,0],[9,-12],[0,0],[-18,-20],[-13.9,-3.163]],"v":[[-8.7,16.25],[-48.238,4.513],[-76.775,21.075],[-86.7,11.312],[-104.413,52.138],[-88.5,95],[83.5,94.5],[103.813,43.938],[94.838,7.075],[34.9,30.663]],"c":true}],"e":[{"i":[[14.939,7.212],[8,-1.5],[14.5,-8],[6.5,5],[0,0],[0,0],[-9,12],[0,0],[18,20],[34,-0.5]],"o":[[-14.071,-7.143],[-8,1.5],[-14.5,8],[-6.5,-5],[0,0],[0,0],[9,-12],[0,0],[-18,-20],[-34,0.5]],"v":[[-17,-45],[-42.875,-52.851],[-71.25,-58.75],[-90,-27.875],[-102.625,25.875],[-88.5,95],[83.5,94.5],[103.125,14.375],[93.875,-37.75],[18.833,-18.756]],"c":true}]},{"i":{"x":0.667,"y":0.886},"o":{"x":0.017,"y":0.02},"t":104,"s":[{"i":[[14.939,7.212],[8,-1.5],[14.5,-8],[6.5,5],[0,0],[0,0],[-9,12],[0,0],[18,20],[34,-0.5]],"o":[[-14.071,-7.143],[-8,1.5],[-14.5,8],[-6.5,-5],[0,0],[0,0],[9,-12],[0,0],[-18,-20],[-34,0.5]],"v":[[-17,-45],[-42.875,-52.851],[-71.25,-58.75],[-90,-27.875],[-102.625,25.875],[-88.5,95],[83.5,94.5],[103.125,14.375],[93.875,-37.75],[18.833,-18.756]],"c":true}],"e":[{"i":[[12.5,12.5],[8,-1.5],[14.5,-8],[6.5,5],[0,0],[0,0],[-9,12],[0,0],[18,20],[34,-0.5]],"o":[[-12.5,-12.5],[-8,1.5],[-14.5,8],[-6.5,-5],[0,0],[0,0],[9,-12],[0,0],[-18,-20],[-34,0.5]],"v":[[6.5,-104],[-38,-105],[-68.5,-99.5],[-93,-63.5],[-101,2],[-88.5,95],[83.5,94.5],[102.5,-12.5],[93,-78.5],[48,-81]],"c":true}]},{"t":140}],"ix":1},"o":{"a":0,"k":100,"ix":3},"x":{"a":0,"k":0,"ix":4},"nm":"Mask 1"},{"inv":false,"mode":"n","pt":{"a":0,"k":{"i":[[0,0]],"o":[[0,0]],"v":[[159.5,-3]],"c":false},"ix":1},"o":{"a":0,"k":100,"ix":3},"x":{"a":0,"k":0,"ix":4},"nm":"Mask 2"}],"shapes":[{"ty":"gr","it":[{"ind":0,"ty":"sh","ix":1,"ks":{"a":0,"k":{"i":[[0,0]],"o":[[0,0]],"v":[[180.5,34.5]],"c":false},"ix":2},"nm":"Path 1","mn":"ADBE Vector Shape - Group","hd":false},{"ty":"st","c":{"a":0,"k":[1,1,1,1],"ix":3},"o":{"a":0,"k":100,"ix":4},"w":{"a":0,"k":2,"ix":5},"lc":1,"lj":1,"ml":4,"bm":0,"nm":"Stroke 1","mn":"ADBE Vector Graphic - Stroke","hd":false},{"ty":"fl","c":{"a":0,"k":[0.349019607843,0.694117647059,0.537254901961,1],"ix":4},"o":{"a":0,"k":100,"ix":5},"r":1,"bm":0,"nm":"Fill 1","mn":"ADBE Vector Graphic - Fill","hd":false},{"ty":"tr","p":{"a":0,"k":[0,0],"ix":2},"a":{"a":0,"k":[0,0],"ix":1},"s":{"a":0,"k":[100,100],"ix":3},"r":{"a":0,"k":0,"ix":6},"o":{"a":0,"k":100,"ix":7},"sk":{"a":0,"k":0,"ix":4},"sa":{"a":0,"k":0,"ix":5},"nm":"Transform"}],"nm":"Shape 1","np":3,"cix":2,"bm":0,"ix":1,"mn":"ADBE Vector Group","hd":false},{"ty":"gr","it":[{"d":1,"ty":"el","s":{"a":0,"k":[173.498,173.498],"ix":2},"p":{"a":0,"k":[0,0],"ix":3},"nm":"Ellipse Path 1","mn":"ADBE Vector Shape - Ellipse","hd":false},{"ty":"st","c":{"a":0,"k":[1,1,1,1],"ix":3},"o":{"a":0,"k":100,"ix":4},"w":{"a":0,"k":2,"ix":5},"lc":1,"lj":1,"ml":4,"bm":0,"nm":"Stroke 1","mn":"ADBE Vector Graphic - Stroke","hd":false},{"ty":"fl","c":{"a":0,"k":[0.937254905701,0.972549021244,0.952941179276,1],"ix":4},"o":{"a":0,"k":100,"ix":5},"r":1,"bm":0,"nm":"Fill 1","mn":"ADBE Vector Graphic - Fill","hd":false},{"ty":"tr","p":{"a":0,"k":[0.397,-1.624],"ix":2},"a":{"a":0,"k":[0,0],"ix":1},"s":{"a":0,"k":[100,100],"ix":3},"r":{"a":0,"k":0,"ix":6},"o":{"a":0,"k":100,"ix":7},"sk":{"a":0,"k":0,"ix":4},"sa":{"a":0,"k":0,"ix":5},"nm":"Transform"}],"nm":"Ellipse 1","np":3,"cix":2,"bm":0,"ix":2,"mn":"ADBE Vector Group","hd":false}],"ip":0,"op":3600,"st":0,"bm":0}],"markers":[]}