{"v":"5.5.7","meta":{"g":"LottieFiles AE 0.1.20","a":"","k":"","d":"","tc":""},"fr":24,"ip":0,"op":30,"w":800,"h":800,"nm":"final","ddd":0,"assets":[{"id":"comp_0","layers":[{"ddd":0,"ind":2,"ty":4,"nm":"åå±¤ 2","sr":1,"ks":{"o":{"a":0,"k":100,"ix":11},"r":{"a":0,"k":0,"ix":10},"p":{"a":0,"k":[481.281,194.853,0],"ix":2},"a":{"a":0,"k":[481.281,194.853,0],"ix":1},"s":{"a":0,"k":[100,100,100],"ix":6}},"ao":0,"hasMask":true,"masksProperties":[{"inv":false,"mode":"a","pt":{"a":1,"k":[{"i":{"x":0.667,"y":1},"o":{"x":0.333,"y":0},"t":31,"s":[{"i":[[0,0],[0,0],[0,0],[0,0]],"o":[[0,0],[0,0],[0,0],[0,0]],"v":[[435,228],[440,230],[472,250],[474,252]],"c":true}]},{"i":{"x":0.833,"y":1},"o":{"x":0.167,"y":0},"t":33,"s":[{"i":[[0,0],[0,0],[0,0],[0,0]],"o":[[0,0],[0,0],[0,0],[0,0]],"v":[[484,139],[440,230],[472,250],[523,163]],"c":true}]},{"i":{"x":0.833,"y":1},"o":{"x":0.167,"y":0},"t":64,"s":[{"i":[[0,0],[0,0],[0,0],[0,0]],"o":[[0,0],[0,0],[0,0],[0,0]],"v":[[484,139],[440,230],[472,250],[523,163]],"c":true}]},{"t":65,"s":[{"i":[[0,0],[0,0],[0,0],[0,0]],"o":[[0,0],[0,0],[0,0],[0,0]],"v":[[484,139],[492,146],[524,166],[523,163]],"c":true}]}],"ix":1},"o":{"a":0,"k":100,"ix":3},"x":{"a":0,"k":0,"ix":4},"nm":"Mask 1"}],"shapes":[{"ty":"gr","it":[{"ind":0,"ty":"sh","ix":1,"ks":{"a":0,"k":{"i":[[2.318,0],[1.055,0.609],[-1.854,3.21],[0,0],[-3.216,-1.861],[1.855,-3.21],[0,0]],"o":[[-1.141,0],[-3.211,-1.854],[0,0],[1.847,-3.216],[3.21,1.854],[0,0],[-1.245,2.155]],"v":[[-16.777,36.238],[-20.125,35.342],[-22.582,26.176],[10.961,-31.921],[20.126,-34.377],[22.582,-25.212],[-10.96,32.885]],"c":true},"ix":2},"nm":"Path 1","mn":"ADBE Vector Shape - Group","hd":false},{"ty":"fl","c":{"a":0,"k":[0.681999954523,0.451000019148,0.804000016755,1],"ix":4},"o":{"a":0,"k":100,"ix":5},"r":1,"bm":0,"nm":"Fill 1","mn":"ADBE Vector Graphic - Fill","hd":false},{"ty":"tr","p":{"a":0,"k":[481.281,194.375],"ix":2},"a":{"a":0,"k":[0,0],"ix":1},"s":{"a":0,"k":[100,100],"ix":3},"r":{"a":0,"k":0,"ix":6},"o":{"a":0,"k":100,"ix":7},"sk":{"a":0,"k":0,"ix":4},"sa":{"a":0,"k":0,"ix":5},"nm":"Transform"}],"nm":"Group 1","np":2,"cix":2,"bm":0,"ix":1,"mn":"ADBE Vector Group","hd":false}],"ip":0,"op":144,"st":0,"bm":0},{"ddd":0,"ind":3,"ty":4,"nm":"åå±¤ 3","sr":1,"ks":{"o":{"a":0,"k":100,"ix":11},"r":{"a":0,"k":0,"ix":10},"p":{"a":0,"k":[350.4,194.853,0],"ix":2},"a":{"a":0,"k":[350.4,194.853,0],"ix":1},"s":{"a":0,"k":[100,100,100],"ix":6}},"ao":0,"hasMask":true,"masksProperties":[{"inv":false,"mode":"a","pt":{"a":1,"k":[{"i":{"x":0.667,"y":1},"o":{"x":0.333,"y":0},"t":30,"s":[{"i":[[0,0],[0,0],[0,0],[0,0]],"o":[[0,0],[0,0],[0,0],[0,0]],"v":[[395,229],[353,250],[355,248],[395,230]],"c":true}]},{"i":{"x":0.833,"y":1},"o":{"x":0.333,"y":0},"t":32,"s":[{"i":[[0,0],[0,0],[0,0],[0,0]],"o":[[0,0],[0,0],[0,0],[0,0]],"v":[[347,131],[303,159],[355,248],[395,230]],"c":true}]},{"i":{"x":0.833,"y":1},"o":{"x":0.167,"y":0},"t":62,"s":[{"i":[[0,0],[0,0],[0,0],[0,0]],"o":[[0,0],[0,0],[0,0],[0,0]],"v":[[347,131],[303,159],[355,248],[395,230]],"c":true}]},{"t":64,"s":[{"i":[[0,0],[0,0],[0,0],[0,0]],"o":[[0,0],[0,0],[0,0],[0,0]],"v":[[347,131],[303,159],[313,156],[353,138]],"c":true}]}],"ix":1},"o":{"a":0,"k":100,"ix":3},"x":{"a":0,"k":0,"ix":4},"nm":"Mask 1"}],"shapes":[{"ty":"gr","it":[{"ind":0,"ty":"sh","ix":1,"ks":{"a":0,"k":{"i":[[1.14,0],[1.245,2.155],[0,0],[-3.211,1.854],[-1.867,-3.216],[0,0],[3.21,-1.854]],"o":[[-2.319,0],[0,0],[-1.854,-3.21],[3.19,-1.861],[0,0],[1.854,3.21],[-1.055,0.609]],"v":[[16.778,36.238],[10.96,32.885],[-22.582,-25.212],[-20.125,-34.377],[-10.96,-31.921],[22.582,26.176],[20.126,35.342]],"c":true},"ix":2},"nm":"Path 1","mn":"ADBE Vector Shape - Group","hd":false},{"ty":"fl","c":{"a":0,"k":[0.681999954523,0.451000019148,0.804000016755,1],"ix":4},"o":{"a":0,"k":100,"ix":5},"r":1,"bm":0,"nm":"Fill 1","mn":"ADBE Vector Graphic - Fill","hd":false},{"ty":"tr","p":{"a":0,"k":[350.4,194.375],"ix":2},"a":{"a":0,"k":[0,0],"ix":1},"s":{"a":0,"k":[100,100],"ix":3},"r":{"a":0,"k":0,"ix":6},"o":{"a":0,"k":100,"ix":7},"sk":{"a":0,"k":0,"ix":4},"sa":{"a":0,"k":0,"ix":5},"nm":"Transform"}],"nm":"Group 1","np":2,"cix":2,"bm":0,"ix":1,"mn":"ADBE Vector Group","hd":false}],"ip":0,"op":144,"st":0,"bm":0},{"ddd":0,"ind":4,"ty":4,"nm":"åå±¤ 4","sr":1,"ks":{"o":{"a":0,"k":100,"ix":11},"r":{"a":0,"k":0,"ix":10},"p":{"a":0,"k":[415.84,184.198,0],"ix":2},"a":{"a":0,"k":[415.84,184.198,0],"ix":1},"s":{"a":0,"k":[100,100,100],"ix":6}},"ao":0,"hasMask":true,"masksProperties":[{"inv":false,"mode":"a","pt":{"a":1,"k":[{"i":{"x":0.667,"y":1},"o":{"x":0.333,"y":0},"t":29,"s":[{"i":[[0,0],[0,0],[0,0],[0,0]],"o":[[0,0],[0,0],[0,0],[0,0]],"v":[[440.172,232],[391.086,232],[391,233.766],[440.086,233.766]],"c":true}]},{"i":{"x":0.833,"y":1},"o":{"x":0.167,"y":0},"t":31,"s":[{"i":[[0,0],[0,0],[0,0],[0,0]],"o":[[0,0],[0,0],[0,0],[0,0]],"v":[[440.086,130],[391,130],[391,233.766],[440.086,233.766]],"c":true}]},{"i":{"x":0.833,"y":1},"o":{"x":0.167,"y":0},"t":60,"s":[{"i":[[0,0],[0,0],[0,0],[0,0]],"o":[[0,0],[0,0],[0,0],[0,0]],"v":[[440.086,130],[391,130],[391,233.766],[440.086,233.766]],"c":true}]},{"t":62,"s":[{"i":[[0,0],[0,0],[0,0],[0,0]],"o":[[0,0],[0,0],[0,0],[0,0]],"v":[[440.086,130],[391,130],[390,131.766],[439.086,131.766]],"c":true}]}],"ix":1},"o":{"a":0,"k":100,"ix":3},"x":{"a":0,"k":0,"ix":4},"nm":"Mask 1"}],"shapes":[{"ty":"gr","it":[{"ind":0,"ty":"sh","ix":1,"ks":{"a":0,"k":{"i":[[3.708,0],[0,3.709],[0,0],[-3.708,0],[0,-3.708],[0,0]],"o":[[-3.708,0],[0,0],[0,-3.708],[3.708,0],[0,0],[0,3.709]],"v":[[0.001,40.251],[-6.708,33.542],[-6.708,-33.543],[0.001,-40.251],[6.708,-33.543],[6.708,33.542]],"c":true},"ix":2},"nm":"Path 1","mn":"ADBE Vector Shape - Group","hd":false},{"ty":"fl","c":{"a":0,"k":[0.681999954523,0.451000019148,0.804000016755,1],"ix":4},"o":{"a":0,"k":100,"ix":5},"r":1,"bm":0,"nm":"Fill 1","mn":"ADBE Vector Graphic - Fill","hd":false},{"ty":"tr","p":{"a":0,"k":[415.84,184.198],"ix":2},"a":{"a":0,"k":[0,0],"ix":1},"s":{"a":0,"k":[100,100],"ix":3},"r":{"a":0,"k":0,"ix":6},"o":{"a":0,"k":100,"ix":7},"sk":{"a":0,"k":0,"ix":4},"sa":{"a":0,"k":0,"ix":5},"nm":"Transform"}],"nm":"Group 1","np":2,"cix":2,"bm":0,"ix":1,"mn":"ADBE Vector Group","hd":false}],"ip":0,"op":144,"st":0,"bm":0},{"ddd":0,"ind":5,"ty":3,"nm":"Null 1","sr":1,"ks":{"o":{"a":0,"k":0,"ix":11},"r":{"a":1,"k":[{"i":{"x":[0.667],"y":[1]},"o":{"x":[0.333],"y":[0]},"t":18,"s":[0]},{"i":{"x":[0.667],"y":[0.78]},"o":{"x":[0.333],"y":[0]},"t":21,"s":[-33]},{"i":{"x":[0.667],"y":[1]},"o":{"x":[0.333],"y":[-0.427]},"t":27,"s":[11.444]},{"t":30,"s":[0]}],"ix":10},"p":{"a":1,"k":[{"i":{"x":0.667,"y":1},"o":{"x":0.333,"y":0},"t":13,"s":[272,1039,0],"to":[0,-51.287,0],"ti":[-123.153,29.238,0]},{"i":{"x":0.667,"y":1},"o":{"x":0.333,"y":0},"t":21,"s":[258,447.682,0],"to":[35,-8.31,0],"ti":[2.929,-12.083,0]},{"i":{"x":0.667,"y":1},"o":{"x":0.333,"y":0},"t":30,"s":[272,503,0],"to":[-0.84,3.465,0],"ti":[-0.9,0.032,0]},{"i":{"x":0.667,"y":1},"o":{"x":0.333,"y":0},"t":74,"s":[274.125,508,0],"to":[2.323,-0.083,0],"ti":[0,0,0]},{"t":120,"s":[277.312,504,0]}],"ix":2},"a":{"a":0,"k":[50,50,0],"ix":1},"s":{"a":0,"k":[100,100,100],"ix":6}},"ao":0,"ip":0,"op":144,"st":0,"bm":0},{"ddd":0,"ind":6,"ty":0,"nm":"hand","parent":5,"refId":"comp_1","sr":1,"ks":{"o":{"a":0,"k":100,"ix":11},"r":{"a":0,"k":0,"ix":10},"p":{"a":0,"k":[178,-52,0],"ix":2},"a":{"a":0,"k":[400,400,0],"ix":1},"s":{"a":0,"k":[100,100,100],"ix":6}},"ao":0,"ef":[{"ty":5,"nm":"CC Bend It","np":7,"mn":"CC Bend It","ix":1,"en":1,"ef":[{"ty":0,"nm":"Bend","mn":"CC Bend It-0001","ix":1,"v":{"a":1,"k":[{"i":{"x":[0.667],"y":[1]},"o":{"x":[0.333],"y":[0]},"t":18,"s":[22]},{"i":{"x":[0.667],"y":[1]},"o":{"x":[0.333],"y":[0]},"t":24,"s":[-13]},{"i":{"x":[0.667],"y":[1]},"o":{"x":[0.333],"y":[0]},"t":30,"s":[15]},{"i":{"x":[0.833],"y":[1]},"o":{"x":[0.167],"y":[0]},"t":35,"s":[0]},{"i":{"x":[0.833],"y":[1]},"o":{"x":[0.167],"y":[0]},"t":50,"s":[2]},{"i":{"x":[0.833],"y":[1]},"o":{"x":[0.167],"y":[0]},"t":77,"s":[-2]},{"t":106,"s":[0]}],"ix":1}},{"ty":3,"nm":"Start","mn":"CC Bend It-0002","ix":2,"v":{"a":0,"k":[324.934,582.064],"ix":2}},{"ty":3,"nm":"End","mn":"CC Bend It-0003","ix":3,"v":{"a":0,"k":[532.027,274.185],"ix":3}},{"ty":7,"nm":"Render Prestart","mn":"CC Bend It-0004","ix":4,"v":{"a":0,"k":3,"ix":4}},{"ty":7,"nm":"Distort","mn":"CC Bend It-0005","ix":5,"v":{"a":0,"k":1,"ix":5}}]}],"w":800,"h":800,"ip":0,"op":144,"st":0,"bm":0},{"ddd":0,"ind":7,"ty":4,"nm":"åå±¤ 5","parent":5,"sr":1,"ks":{"o":{"a":0,"k":100,"ix":11},"r":{"a":0,"k":0,"ix":10},"p":{"a":0,"k":[84.901,-0.398,0],"ix":2},"a":{"a":0,"k":[306.901,451.602,0],"ix":1},"s":{"a":0,"k":[100,100,100],"ix":6}},"ao":0,"shapes":[{"ty":"gr","it":[{"ind":0,"ty":"sh","ix":1,"ks":{"a":0,"k":{"i":[[0,0],[-4.93,4.676],[-5.394,-4.132],[-0.376,-2.771],[3.901,-1.708],[4.259,0.078],[0.659,0.812]],"o":[[-6.587,-1.669],[4.93,-4.677],[2.221,1.7],[0.572,4.221],[-3.902,1.708],[-0.66,-0.812],[0,0]],"v":[[-6.28,9.451],[-9.44,-6.972],[9.284,-6.793],[13.798,0.023],[7.221,9.941],[-5.353,11.523],[-7.333,9.086]],"c":false},"ix":2},"nm":"Path 1","mn":"ADBE Vector Shape - Group","hd":false},{"ty":"fl","c":{"a":0,"k":[0.681999954523,0.451000019148,0.804000016755,1],"ix":4},"o":{"a":0,"k":100,"ix":5},"r":1,"bm":0,"nm":"Fill 1","mn":"ADBE Vector Graphic - Fill","hd":false},{"ty":"tr","p":{"a":0,"k":[306.345,482.405],"ix":2},"a":{"a":0,"k":[0,0],"ix":1},"s":{"a":0,"k":[100,100],"ix":3},"r":{"a":0,"k":0,"ix":6},"o":{"a":0,"k":100,"ix":7},"sk":{"a":0,"k":0,"ix":4},"sa":{"a":0,"k":0,"ix":5},"nm":"Transform"}],"nm":"Group 1","np":2,"cix":2,"bm":0,"ix":1,"mn":"ADBE Vector Group","hd":false},{"ty":"gr","it":[{"ind":0,"ty":"sh","ix":1,"ks":{"a":0,"k":{"i":[[-0.53,4.489],[0.053,2.289],[0.864,32.717],[3.908,0.767],[0.315,-1.668],[3.963,-18.01],[4.567,-11.025],[8.141,-3.651],[2.141,-1.269],[-1.351,-0.475],[-9.373,0.223],[-3.043,0.106]],"o":[[0.269,-2.278],[-0.763,-32.719],[-0.147,-5.576],[-0.612,2.897],[-3.432,18.085],[-2.565,11.656],[-3.416,8.244],[-2.291,1.027],[1.718,0.524],[8.89,3.129],[3.042,-0.074],[5.228,-0.179]],"v":[[24.57,51.82],[25.005,44.943],[22.601,-53.211],[17.118,-62.1],[15.757,-54.859],[9.232,-0.127],[-2.492,33.652],[-18.152,54.525],[-25.058,57.485],[-20.375,58.971],[7.898,60.758],[17.003,59.719]],"c":true},"ix":2},"nm":"Path 1","mn":"ADBE Vector Shape - Group","hd":false},{"ty":"fl","c":{"a":0,"k":[0.128999986836,0,0.250999989229,1],"ix":4},"o":{"a":0,"k":100,"ix":5},"r":1,"bm":0,"nm":"Fill 1","mn":"ADBE Vector Graphic - Fill","hd":false},{"ty":"tr","p":{"a":0,"k":[316.147,452.221],"ix":2},"a":{"a":0,"k":[0,0],"ix":1},"s":{"a":0,"k":[100,100],"ix":3},"r":{"a":0,"k":0,"ix":6},"o":{"a":0,"k":100,"ix":7},"sk":{"a":0,"k":0,"ix":4},"sa":{"a":0,"k":0,"ix":5},"nm":"Transform"}],"nm":"Group 2","np":2,"cix":2,"bm":0,"ix":2,"mn":"ADBE Vector Group","hd":false},{"ty":"gr","it":[{"ind":0,"ty":"sh","ix":1,"ks":{"a":0,"k":{"i":[[-6.483,23.227],[-1.498,4.317],[-3.204,2.775],[-10.568,0.491],[-0.195,-7.374],[-0.762,-32.72],[0.268,-2.279],[5.227,-0.179],[3.042,-0.072],[8.891,3.129],[3.949,4.228],[0.217,4.255]],"o":[[1.229,-4.402],[1.389,-4.005],[8.674,-7.514],[7.47,-0.347],[0.864,32.716],[0.054,2.288],[-0.53,4.488],[-3.044,0.106],[-9.373,0.225],[-5.499,-1.935],[-2.907,-3.113],[-1.232,-24.085]],"v":[[-25.555,-31.716],[-21.464,-44.8],[-15.248,-55.72],[22.233,-61.203],[32.295,-52.077],[34.699,46.078],[34.264,52.955],[26.698,60.853],[17.592,61.891],[-10.681,60.105],[-29.908,51.847],[-33.521,39.874]],"c":true},"ix":2},"nm":"Path 1","mn":"ADBE Vector Shape - Group","hd":false},{"ty":"fl","c":{"a":0,"k":[0.26699999641,0.165000002992,0.451000019148,1],"ix":4},"o":{"a":0,"k":100,"ix":5},"r":1,"bm":0,"nm":"Fill 1","mn":"ADBE Vector Graphic - Fill","hd":false},{"ty":"tr","p":{"a":0,"k":[306.452,451.087],"ix":2},"a":{"a":0,"k":[0,0],"ix":1},"s":{"a":0,"k":[100,100],"ix":3},"r":{"a":0,"k":0,"ix":6},"o":{"a":0,"k":100,"ix":7},"sk":{"a":0,"k":0,"ix":4},"sa":{"a":0,"k":0,"ix":5},"nm":"Transform"}],"nm":"Group 3","np":2,"cix":2,"bm":0,"ix":3,"mn":"ADBE Vector Group","hd":false}],"ip":0,"op":144,"st":0,"bm":0},{"ddd":0,"ind":8,"ty":4,"nm":"åå±¤ 7","sr":1,"ks":{"o":{"a":0,"k":100,"ix":11},"r":{"a":0,"k":0,"ix":10},"p":{"a":0,"k":[369.273,545.704,0],"ix":2},"a":{"a":0,"k":[369.273,545.704,0],"ix":1},"s":{"a":1,"k":[{"i":{"x":[0.667,0.667,0.667],"y":[1,1,1]},"o":{"x":[0.333,0.333,0.333],"y":[0,0,0]},"t":21,"s":[0,0,100]},{"i":{"x":[0.667,0.667,0.667],"y":[1,1,1]},"o":{"x":[0.333,0.333,0.333],"y":[0,0,0]},"t":25,"s":[110,110,100]},{"i":{"x":[0.833,0.833,0.833],"y":[1,1,1]},"o":{"x":[0.333,0.333,0.333],"y":[0,0,0]},"t":29,"s":[100,100,100]},{"i":{"x":[0.583,0.583,0.583],"y":[3.5,3.5,26]},"o":{"x":[0.167,0.167,0.167],"y":[0,0,0]},"t":64,"s":[100,100,100]},{"i":{"x":[0.833,0.833,0.833],"y":[1,1,1]},"o":{"x":[0.417,0.417,0.417],"y":[0.227,0.227,-25]},"t":67,"s":[110,110,100]},{"t":70,"s":[0,0,100]}],"ix":6}},"ao":0,"shapes":[{"ty":"gr","it":[{"ind":0,"ty":"sh","ix":1,"ks":{"a":0,"k":{"i":[[0.63,2.483],[-0.255,0.981],[-4.694,1.101],[-1.854,-1.695],[0.701,-2.484],[4.256,0.372]],"o":[[-0.25,-0.982],[1.157,-4.466],[2.588,-0.609],[1.887,1.723],[-1.311,4.637],[-2.401,-0.21]],"v":[[-9.261,4.115],[-9.149,1.109],[-0.095,-8.794],[6.901,-6.085],[8.811,0.401],[-2.327,9.031]],"c":true},"ix":2},"nm":"Path 1","mn":"ADBE Vector Shape - Group","hd":false},{"ty":"fl","c":{"a":0,"k":[0.313999998803,0.847000002394,0.875,1],"ix":4},"o":{"a":0,"k":100,"ix":5},"r":1,"bm":0,"nm":"Fill 1","mn":"ADBE Vector Graphic - Fill","hd":false},{"ty":"tr","p":{"a":0,"k":[369.439,545.639],"ix":2},"a":{"a":0,"k":[0,0],"ix":1},"s":{"a":0,"k":[100,100],"ix":3},"r":{"a":0,"k":0,"ix":6},"o":{"a":0,"k":100,"ix":7},"sk":{"a":0,"k":0,"ix":4},"sa":{"a":0,"k":0,"ix":5},"nm":"Transform"}],"nm":"Group 1","np":2,"cix":2,"bm":0,"ix":1,"mn":"ADBE Vector Group","hd":false}],"ip":0,"op":144,"st":0,"bm":0},{"ddd":0,"ind":9,"ty":4,"nm":"åå±¤ 8","sr":1,"ks":{"o":{"a":0,"k":100,"ix":11},"r":{"a":0,"k":0,"ix":10},"p":{"a":0,"k":[297.114,329.471,0],"ix":2},"a":{"a":0,"k":[297.114,329.471,0],"ix":1},"s":{"a":1,"k":[{"i":{"x":[0.667,0.667,0.667],"y":[1,1,1]},"o":{"x":[0.333,0.333,0.333],"y":[0,0,0]},"t":19,"s":[0,0,100]},{"i":{"x":[0.667,0.667,0.667],"y":[1,1,1]},"o":{"x":[0.333,0.333,0.333],"y":[0,0,0]},"t":23,"s":[120,120,100]},{"i":{"x":[0.833,0.833,0.833],"y":[1,1,1]},"o":{"x":[0.333,0.333,0.333],"y":[0,0,0]},"t":25,"s":[105,105,100]},{"i":{"x":[0.567,0.567,0.567],"y":[5.021,5.021,21.105]},"o":{"x":[0.177,0.177,0.177],"y":[0,0,0]},"t":62,"s":[105,105,100]},{"i":{"x":[0.84,0.84,0.84],"y":[1,1,1]},"o":{"x":[0.391,0.391,0.391],"y":[0.275,0.275,-30.261]},"t":65,"s":[110,110,100]},{"t":70,"s":[0,0,100]}],"ix":6}},"ao":0,"shapes":[{"ty":"gr","it":[{"ind":0,"ty":"sh","ix":1,"ks":{"a":0,"k":{"i":[[3.218,-3.587],[1.798,-0.631],[6.639,6.175],[-0.702,4.671],[-4.614,1.507],[-3.879,-7.037]],"o":[[-1.272,1.418],[-8.185,2.873],[-3.662,-3.405],[0.715,-4.752],[8.613,-2.811],[2.187,3.968]],"v":[[15.173,10.647],[10.362,13.621],[-14.589,9.86],[-17.689,-3.904],[-9.56,-13.683],[15.586,-5.332]],"c":true},"ix":2},"nm":"Path 1","mn":"ADBE Vector Shape - Group","hd":false},{"ty":"fl","c":{"a":0,"k":[0.313999998803,0.847000002394,0.875,1],"ix":4},"o":{"a":0,"k":100,"ix":5},"r":1,"bm":0,"nm":"Fill 1","mn":"ADBE Vector Graphic - Fill","hd":false},{"ty":"tr","p":{"a":0,"k":[297.422,329.098],"ix":2},"a":{"a":0,"k":[0,0],"ix":1},"s":{"a":0,"k":[100,100],"ix":3},"r":{"a":0,"k":0,"ix":6},"o":{"a":0,"k":100,"ix":7},"sk":{"a":0,"k":0,"ix":4},"sa":{"a":0,"k":0,"ix":5},"nm":"Transform"}],"nm":"Group 1","np":2,"cix":2,"bm":0,"ix":1,"mn":"ADBE Vector Group","hd":false}],"ip":0,"op":144,"st":0,"bm":0},{"ddd":0,"ind":10,"ty":4,"nm":"åå±¤ 9","sr":1,"ks":{"o":{"a":0,"k":100,"ix":11},"r":{"a":0,"k":0,"ix":10},"p":{"a":0,"k":[559.867,377.13,0],"ix":2},"a":{"a":0,"k":[559.867,377.13,0],"ix":1},"s":{"a":1,"k":[{"i":{"x":[0.667,0.667,0.667],"y":[1,1,1]},"o":{"x":[0.333,0.333,0.333],"y":[0,0,0]},"t":23,"s":[0,0,100]},{"i":{"x":[0.667,0.667,0.667],"y":[1,1,1]},"o":{"x":[0.333,0.333,0.333],"y":[0,0,0]},"t":28,"s":[120,120,100]},{"i":{"x":[0.667,0.667,0.667],"y":[1,1,1]},"o":{"x":[0.333,0.333,0.333],"y":[0,0,0]},"t":31,"s":[100,100,100]},{"i":{"x":[0.667,0.667,0.667],"y":[1,1,1]},"o":{"x":[0.333,0.333,0.333],"y":[0,0,0]},"t":60,"s":[100,100,100]},{"i":{"x":[0.667,0.667,0.667],"y":[1,1,1]},"o":{"x":[0.333,0.333,0.333],"y":[0,0,0]},"t":63,"s":[120,120,100]},{"t":68,"s":[0,0,100]}],"ix":6}},"ao":0,"shapes":[{"ty":"gr","it":[{"ind":0,"ty":"sh","ix":1,"ks":{"a":0,"k":{"i":[[1.364,-1.521],[0.763,-0.267],[2.815,2.618],[-0.296,1.98],[-1.957,0.638],[-1.645,-2.984]],"o":[[-0.54,0.602],[-3.471,1.218],[-1.553,-1.444],[0.304,-2.016],[3.652,-1.193],[0.928,1.682]],"v":[[7.04,4.551],[4.999,5.812],[-5.581,4.218],[-6.897,-1.619],[-3.448,-5.766],[7.215,-2.225]],"c":true},"ix":2},"nm":"Path 1","mn":"ADBE Vector Shape - Group","hd":false},{"ind":1,"ty":"sh","ix":2,"ks":{"a":0,"k":{"i":[[7.9,0],[0,-7.163],[-7.9,0],[0,7.163]],"o":[[-7.9,0],[0,7.163],[7.9,0],[0,-7.163]],"v":[[0,-12.991],[-14.328,0],[0,12.991],[14.328,0]],"c":true},"ix":2},"nm":"Path 2","mn":"ADBE Vector Shape - Group","hd":false},{"ty":"mm","mm":1,"nm":"Merge Paths 1","mn":"ADBE Vector Filter - Merge","hd":false},{"ty":"fl","c":{"a":0,"k":[0.313999998803,0.847000002394,0.875,1],"ix":4},"o":{"a":0,"k":100,"ix":5},"r":1,"bm":0,"nm":"Fill 1","mn":"ADBE Vector Graphic - Fill","hd":false},{"ty":"tr","p":{"a":0,"k":[559.867,377.13],"ix":2},"a":{"a":0,"k":[0,0],"ix":1},"s":{"a":0,"k":[100,100],"ix":3},"r":{"a":0,"k":0,"ix":6},"o":{"a":0,"k":100,"ix":7},"sk":{"a":0,"k":0,"ix":4},"sa":{"a":0,"k":0,"ix":5},"nm":"Transform"}],"nm":"Group 1","np":4,"cix":2,"bm":0,"ix":1,"mn":"ADBE Vector Group","hd":false}],"ip":0,"op":144,"st":0,"bm":0}]},{"id":"comp_1","layers":[{"ddd":0,"ind":1,"ty":4,"nm":"thumb","sr":1,"ks":{"o":{"a":0,"k":100,"ix":11},"r":{"a":0,"k":0,"ix":10},"p":{"a":0,"k":[366.201,377.75,0],"ix":2},"a":{"a":0,"k":[366.201,377.25,0],"ix":1},"s":{"a":0,"k":[100,100,100],"ix":6}},"ao":0,"ef":[{"ty":34,"nm":"Puppet","np":6,"mn":"ADBE FreePin3","ix":1,"en":1,"ef":[{"ty":7,"nm":"Puppet Engine","mn":"ADBE FreePin3 Puppet Engine","ix":1,"v":{"a":0,"k":2,"ix":1}},{"ty":0,"nm":"Mesh Rotation Refinement","mn":"ADBE FreePin3 Auto Rotate Pins","ix":2,"v":{"a":0,"k":20,"ix":2}},{"ty":7,"nm":"On Transparent","mn":"ADBE FreePin3 On Transparent","ix":3,"v":{"a":0,"k":0,"ix":3}},{"ty":24,"nm":"arap","np":3,"mn":"ADBE FreePin3 ARAP Group","ix":4,"en":1,"ef":[{"ty":6,"nm":"Auto-traced Shapes","mn":"ADBE FreePin3 Outlines","ix":1,"v":0},{"ty":1,"nm":"Mesh","np":2,"mn":"ADBE FreePin3 Mesh Group","ix":2,"en":1,"ef":[{"nm":"Mesh 1","np":8,"mn":"ADBE FreePin3 Mesh Atom","ix":1,"en":1,"ef":[{"ty":6,"nm":"Mesh","mn":"ADBE FreePin3 Mesh","ix":1,"v":0},{"ty":0,"nm":"Triangles","mn":"ADBE FreePin3 Mesh Tri Count","ix":2,"v":{"a":0,"k":50,"ix":2}},{"ty":0,"nm":"Density","mn":"ADBE FreePin3 Mesh Tri Density","ix":3,"v":{"a":0,"k":10,"ix":3}},{"ty":0,"nm":"Expansion","mn":"ADBE FreePin3 Mesh Expansion","ix":4,"v":{"a":0,"k":3,"ix":4}},{"nm":"Deform","np":3,"mn":"ADBE FreePin3 PosPins","ix":5,"en":1,"ef":[{"nm":"Puppet Pin 2","np":7,"mn":"ADBE FreePin3 PosPin Atom","ix":1,"en":1,"ef":[{"ty":3,"nm":"Vertex Offset","mn":"ADBE FreePin3 PosPin Vtx Offset","ix":1,"v":{"a":0,"k":[0,0],"ix":1}},{"ty":0,"nm":"Vertex Index","mn":"ADBE FreePin3 PosPin Vtx Index","ix":2,"v":{"a":0,"k":11,"ix":2}},{"ty":7,"nm":"Pin Type","mn":"ADBE FreePin3 PosPin Type","ix":3,"v":{"a":0,"k":1,"ix":3}},{"ty":3,"nm":"Position","mn":"ADBE FreePin3 PosPin Position","ix":4,"v":{"a":1,"k":[{"i":{"x":0,"y":0},"o":{"x":0,"y":0},"t":0,"s":[428,291],"to":[6.667,7],"ti":[0,0]},{"i":{"x":0,"y":0},"o":{"x":0,"y":0},"t":0,"s":[468,333],"to":[0,0],"ti":[6.667,7]},{"i":{"x":0.833,"y":0.833},"o":{"x":0.167,"y":0.167},"t":0,"s":[428,291],"to":[0,0],"ti":[0,0]},{"i":{"x":0,"y":0},"o":{"x":0,"y":0},"t":0,"s":[428,291],"to":[2.5,2.5],"ti":[-0.333,-0.167]},{"i":{"x":0,"y":0},"o":{"x":0,"y":0},"t":0,"s":[443,306],"to":[0.333,0.167],"ti":[2.167,2.333]},{"t":null,"s":[430,292]}],"ix":4}},{"ty":0,"nm":"Scale","mn":"ADBE FreePin3 PosPin Scale","ix":5,"v":{"a":0,"k":100,"ix":5}},{"ty":0,"nm":"Rotation","mn":"ADBE FreePin3 PosPin Rotation","ix":6,"v":{"a":0,"k":0,"ix":6}}]},{"nm":"Puppet Pin 1","np":7,"mn":"ADBE FreePin3 PosPin Atom","ix":2,"en":1,"ef":[{"ty":3,"nm":"Vertex Offset","mn":"ADBE FreePin3 PosPin Vtx Offset","ix":1,"v":{"a":0,"k":[0,0],"ix":1}},{"ty":0,"nm":"Vertex Index","mn":"ADBE FreePin3 PosPin Vtx Index","ix":2,"v":{"a":0,"k":12,"ix":2}},{"ty":7,"nm":"Pin Type","mn":"ADBE FreePin3 PosPin Type","ix":3,"v":{"a":0,"k":1,"ix":3}},{"ty":3,"nm":"Position","mn":"ADBE FreePin3 PosPin Position","ix":4,"v":{"a":1,"k":[{"i":{"x":0,"y":0},"o":{"x":0,"y":0},"t":0,"s":[375,378.75],"to":[0.042,0.365],"ti":[0,0]},{"i":{"x":0,"y":0},"o":{"x":0,"y":0},"t":0,"s":[375.25,380.938],"to":[0,0],"ti":[0.042,0.365]},{"t":null,"s":[375,378.75]}],"ix":4}},{"ty":0,"nm":"Scale","mn":"ADBE FreePin3 PosPin Scale","ix":5,"v":{"a":0,"k":100,"ix":5}},{"ty":0,"nm":"Rotation","mn":"ADBE FreePin3 PosPin Rotation","ix":6,"v":{"a":0,"k":0,"ix":6}}]}]},{"nm":"Overlap","np":1,"mn":"ADBE FreePin3 HghtPins","ix":6,"en":1,"ef":[]},{"nm":"Stiffness","np":1,"mn":"ADBE FreePin3 StarchPins","ix":7,"en":1,"ef":[]}]}]}]}]}],"shapes":[{"ty":"gr","it":[{"ind":0,"ty":"sh","ix":1,"ks":{"a":0,"k":{"i":[[12.521,6.876],[2.043,-0.018],[-0.111,-0.201],[-2.27,-9.077],[-7.255,-7.063],[0.742,8.175]],"o":[[-2.044,0.018],[0.18,0.251],[4.561,8.285],[2.466,10.218],[1.202,-7.892],[-1.152,-12.691]],"v":[[-5.822,-27.924],[-11.953,-27.871],[-11.501,-27.182],[-2.885,-0.367],[10.68,27.924],[11.212,3.772]],"c":true},"ix":2},"nm":"Path 1","mn":"ADBE Vector Shape - Group","hd":false},{"ty":"fl","c":{"a":0,"k":[1,0.510000011968,0.352999997606,1],"ix":4},"o":{"a":0,"k":100,"ix":5},"r":1,"bm":0,"nm":"Fill 1","mn":"ADBE Vector Graphic - Fill","hd":false},{"ty":"tr","p":{"a":0,"k":[442.097,307.527],"ix":2},"a":{"a":0,"k":[0,0],"ix":1},"s":{"a":0,"k":[100,100],"ix":3},"r":{"a":0,"k":0,"ix":6},"o":{"a":0,"k":100,"ix":7},"sk":{"a":0,"k":0,"ix":4},"sa":{"a":0,"k":0,"ix":5},"nm":"Transform"}],"nm":"Group 1","np":2,"cix":2,"bm":0,"ix":1,"mn":"ADBE Vector Group","hd":false},{"ty":"gr","it":[{"ind":0,"ty":"sh","ix":1,"ks":{"a":0,"k":{"i":[[-20.939,5.618],[-4.062,1.531],[-0.117,0.371],[-0.507,0.881],[1.577,17.359],[12.52,6.877],[2.565,-0.022],[2.485,-10.459],[1.278,-4.163],[10.182,-11.488],[4.338,-7.4]],"o":[[4.196,-1.126],[-0.032,-0.746],[0.309,-0.973],[8.932,-15.526],[-1.152,-12.691],[-2.566,0.022],[-9.756,5.199],[-1.005,4.23],[-4.677,15.225],[-5.834,6.583],[20.58,5.556]],"v":[[19.725,39.292],[32.19,35.5],[32.215,33.938],[33.378,31.098],[42.766,-18.755],[25.732,-50.451],[18.035,-50.384],[0.712,-26.225],[-3.008,-13.703],[-28.594,24.185],[-44.342,44.894]],"c":true},"ix":2},"nm":"Path 1","mn":"ADBE Vector Shape - Group","hd":false},{"ty":"fl","c":{"a":0,"k":[1,0.6,0.451000019148,1],"ix":4},"o":{"a":0,"k":100,"ix":5},"r":1,"bm":0,"nm":"Fill 1","mn":"ADBE Vector Graphic - Fill","hd":false},{"ty":"tr","p":{"a":0,"k":[410.543,330.052],"ix":2},"a":{"a":0,"k":[0,0],"ix":1},"s":{"a":0,"k":[100,100],"ix":3},"r":{"a":0,"k":0,"ix":6},"o":{"a":0,"k":100,"ix":7},"sk":{"a":0,"k":0,"ix":4},"sa":{"a":0,"k":0,"ix":5},"nm":"Transform"}],"nm":"Group 2","np":2,"cix":2,"bm":0,"ix":2,"mn":"ADBE Vector Group","hd":false}],"ip":0,"op":144,"st":0,"bm":0},{"ddd":0,"ind":2,"ty":4,"nm":"hand","sr":1,"ks":{"o":{"a":0,"k":100,"ix":11},"r":{"a":0,"k":0,"ix":10},"p":{"a":0,"k":[441.257,438.745,0],"ix":2},"a":{"a":0,"k":[441.257,438.745,0],"ix":1},"s":{"a":0,"k":[100,100,100],"ix":6}},"ao":0,"shapes":[{"ty":"gr","it":[{"ind":0,"ty":"sh","ix":1,"ks":{"a":0,"k":{"i":[[-10.148,3.246],[4.158,9.441],[3.057,-1.452],[17.603,-1.595],[26.073,-1.156],[4.167,-2.208],[-4.262,-0.665],[-9.393,0.081],[-24.531,1.508]],"o":[[11.521,-3.686],[-3.456,2.263],[-16.041,7.617],[-25.992,2.358],[-4.851,0.215],[1.574,2.912],[9.334,1.454],[24.581,-0.212],[10.603,-0.652]],"v":[[62.907,7.612],[74.801,-16.285],[64.917,-10.064],[13.572,2.846],[-64.685,4.428],[-78.959,7.717],[-70.482,13.228],[-42.294,16.205],[31.425,13.917]],"c":true},"ix":2},"nm":"Path 1","mn":"ADBE Vector Shape - Group","hd":false},{"ty":"fl","c":{"a":0,"k":[1,0.510000011968,0.352999997606,1],"ix":4},"o":{"a":0,"k":100,"ix":5},"r":1,"bm":0,"nm":"Fill 1","mn":"ADBE Vector Graphic - Fill","hd":false},{"ty":"tr","p":{"a":0,"k":[438.839,496.013],"ix":2},"a":{"a":0,"k":[0,0],"ix":1},"s":{"a":0,"k":[100,100],"ix":3},"r":{"a":0,"k":0,"ix":6},"o":{"a":0,"k":100,"ix":7},"sk":{"a":0,"k":0,"ix":4},"sa":{"a":0,"k":0,"ix":5},"nm":"Transform"}],"nm":"Group 1","np":2,"cix":2,"bm":0,"ix":1,"mn":"ADBE Vector Group","hd":false},{"ty":"gr","it":[{"ind":0,"ty":"sh","ix":1,"ks":{"a":0,"k":{"i":[[0.185,5.026],[10.341,1.53],[21.26,-3.126],[1.217,0.289],[0.008,0.169],[4.196,-1.126],[20.581,5.557],[1.186,-7.981],[-0.114,-8.127],[-0.769,-25.347],[-6.969,-1.086],[-9.392,0.082],[-24.531,1.509],[-10.148,3.246],[7.442,10.133],[-5.708,3.818],[9.895,9.888],[0.192,0.87],[1.62,6.962],[3.768,7.54],[-1.543,1.618]],"o":[[-0.301,-8.166],[-21.077,-3.118],[-1.28,0.188],[-0.002,-0.204],[-4.061,1.531],[-20.94,5.618],[-3.834,6.54],[-1.201,8.075],[0.358,25.352],[0.214,7.061],[9.333,1.455],[24.582,-0.211],[10.602,-0.652],[13.085,-4.186],[-3.923,-5.345],[11.031,-7.379],[-0.297,-0.298],[3.519,-4.836],[-1.43,-6.146],[0.533,-0.37],[3.245,-3.404]],"v":[[84.588,-54.041],[68.277,-69.514],[4.798,-71.105],[0.881,-71.973],[0.863,-72.514],[-11.602,-68.722],[-75.67,-63.121],[-83.561,-41.536],[-85.816,-17.132],[-83.733,58.912],[-73.513,71.173],[-45.326,74.149],[28.394,71.862],[59.876,65.558],[69.613,37.91],[71.885,27.436],[75.901,-1.744],[75.469,-3.566],[84.31,-19.435],[75.049,-38.653],[79.276,-41.682]],"c":true},"ix":2},"nm":"Path 1","mn":"ADBE Vector Shape - Group","hd":false},{"ty":"fl","c":{"a":0,"k":[1,0.6,0.451000019148,1],"ix":4},"o":{"a":0,"k":100,"ix":5},"r":1,"bm":0,"nm":"Fill 1","mn":"ADBE Vector Graphic - Fill","hd":false},{"ty":"tr","p":{"a":0,"k":[441.87,438.067],"ix":2},"a":{"a":0,"k":[0,0],"ix":1},"s":{"a":0,"k":[100,100],"ix":3},"r":{"a":0,"k":0,"ix":6},"o":{"a":0,"k":100,"ix":7},"sk":{"a":0,"k":0,"ix":4},"sa":{"a":0,"k":0,"ix":5},"nm":"Transform"}],"nm":"Group 2","np":2,"cix":2,"bm":0,"ix":2,"mn":"ADBE Vector Group","hd":false}],"ip":0,"op":144,"st":0,"bm":0}]}],"layers":[{"ddd":0,"ind":1,"ty":0,"nm":"correct","refId":"comp_0","sr":1,"ks":{"o":{"a":1,"k":[{"i":{"x":[0.833],"y":[0.833]},"o":{"x":[0.167],"y":[0.167]},"t":55,"s":[100]},{"t":58,"s":[0]}],"ix":11},"r":{"a":0,"k":0,"ix":10},"p":{"a":0,"k":[400,400,0],"ix":2},"a":{"a":0,"k":[400,400,0],"ix":1},"s":{"a":0,"k":[100,100,100],"ix":6}},"ao":0,"hasMask":true,"masksProperties":[{"inv":false,"mode":"a","pt":{"a":1,"k":[{"i":{"x":0.667,"y":1},"o":{"x":0.333,"y":0},"t":49,"s":[{"i":[[214.121,22],[12,-259.434],[-187.667,10.294],[0,28.406]],"o":[[-32.897,-3.38],[-1.312,28.376],[198.121,-10.867],[0,-28.406]],"v":[[401.879,114],[116,339.434],[401.879,606.867],[607.758,419.434]],"c":true}]},{"t":59,"s":[{"i":[[42.121,-4],[4,-23.434],[-17.505,-5.395],[0,28.406]],"o":[[-32.922,3.126],[-4.78,28.001],[36.121,11.133],[0,-28.406]],"v":[[413.879,400],[398,419.434],[409.879,436.867],[421.758,421.434]],"c":true}]}],"ix":1},"o":{"a":0,"k":100,"ix":3},"x":{"a":0,"k":0,"ix":4},"nm":"Mask 1"}],"w":800,"h":800,"ip":0,"op":30,"st":-11,"bm":0},{"ddd":0,"ind":2,"ty":3,"nm":"bg position wiggle","sr":1,"ks":{"o":{"a":0,"k":0,"ix":11},"r":{"a":0,"k":0,"ix":10},"p":{"a":0,"k":[400,400,0],"ix":2,"x":"var $bm_rt;\n$bm_rt = wiggle(1, 10);"},"a":{"a":0,"k":[0,0,0],"ix":1},"s":{"a":0,"k":[20,20,100],"ix":6}},"ao":0,"ip":0,"op":30,"st":0,"bm":0},{"ddd":0,"ind":3,"ty":4,"nm":"åå±¤ 110","sr":1,"ks":{"o":{"a":0,"k":100,"ix":11},"r":{"a":0,"k":0,"ix":10},"p":{"a":1,"k":[{"i":{"x":0.192,"y":0},"o":{"x":0.283,"y":0},"t":0,"s":[403.282,1103.985,0],"to":[0,-22.127,0],"ti":[0,183.376,0]},{"i":{"x":0.879,"y":1},"o":{"x":0.487,"y":0.772},"t":9.75,"s":[403.282,306.333,0],"to":[0,-143.312,0],"ti":[0,8.077,0]},{"i":{"x":0.572,"y":0.576},"o":{"x":0.168,"y":0},"t":12.75,"s":[403.282,409.985,0],"to":[0,-19.398,0],"ti":[0,7.682,0]},{"i":{"x":0.88,"y":1},"o":{"x":0.424,"y":0.403},"t":15,"s":[407.282,360.241,0],"to":[0,-38.126,0],"ti":[0,6.723,0]},{"i":{"x":0.88,"y":1},"o":{"x":0.167,"y":0},"t":18,"s":[399.282,409.985,0],"to":[0,-115.667,0],"ti":[-0.333,0,0]},{"i":{"x":0.88,"y":1},"o":{"x":0.167,"y":0},"t":26,"s":[415.282,403.985,0],"to":[0.333,0,0],"ti":[0.333,0,0]},{"i":{"x":0.88,"y":1},"o":{"x":0.167,"y":0},"t":38,"s":[387.282,421.985,0],"to":[-0.333,0,0],"ti":[-3.333,0,0]},{"t":49,"s":[405.282,425.985,0]}],"ix":2,"x":"var $bm_rt;\nvar elastic, gravity, bounceMax, on_off, n, n, t, v, vl, vu, vu, tCur, segDur, tNext, numberOfBounces, delta, inOutExp;\ntry {\n    elastic = $bm_div(effect('Bounce: Position')(1), 200);\n    gravity = $bm_mul(effect('Bounce: Position')(2), 150);\n    bounceMax = effect('Bounce: Position')(3);\n    on_off = effect('Bounce: Position')(4);\n    $bm_rt = n = 0;\n    if (numKeys > 0) {\n        $bm_rt = n = nearestKey(time).index;\n        if (key(n).time > time) {\n            n--;\n        }\n    }\n    if (n > 0) {\n        t = $bm_sub(time, key(n).time);\n        v = $bm_mul($bm_neg(velocityAtTime($bm_sub(key(n).time, 0.001))), elastic);\n        vl = length(v);\n        if ($bm_isInstanceOfArray(value)) {\n            vu = vl > 0 ? normalize(v) : [\n                0,\n                0,\n                0\n            ];\n        } else {\n            vu = v < 0 ? -1 : 1;\n        }\n        tCur = 0;\n        segDur = $bm_div($bm_mul(2, vl), gravity);\n        tNext = segDur;\n        numberOfBounces = 1;\n        while (tNext < t && numberOfBounces <= bounceMax) {\n            vl *= elastic;\n            segDur *= elastic;\n            tCur = tNext;\n            tNext = $bm_sum(tNext, segDur);\n            numberOfBounces++;\n        }\n        if (numberOfBounces <= bounceMax) {\n            delta = $bm_sub(t, tCur);\n            $bm_rt = inOutExp = $bm_mul($bm_mul(vu, delta), $bm_sub(vl, $bm_div($bm_mul(gravity, delta), 2)));\n            if (on_off == 1) {\n                $bm_rt = value = $bm_sub(value, inOutExp);\n            } else {\n                $bm_rt = value = $bm_sum(value, inOutExp);\n            }\n        } else {\n            $bm_rt = value = value;\n        }\n    } else {\n        $bm_rt = value = value;\n    }\n} catch (e$$4) {\n    $bm_rt = value = value;\n}"},"a":{"a":0,"k":[399.555,409.033,0],"ix":1},"s":{"a":0,"k":[100,100,100],"ix":6}},"ao":0,"shapes":[{"ty":"gr","it":[{"ind":0,"ty":"sh","ix":1,"ks":{"a":0,"k":{"i":[[7.471,-1.431],[8.144,-0.07],[1.744,0.122],[31.714,25.798],[9.127,10.847],[6.15,36.816],[0.634,4.488],[0.084,9.67],[-0.885,5.994],[-64.1,29.69],[-23.572,2.729],[-1.621,0.62],[0,0],[-6.556,-0.231],[-20.471,-9.93],[-16.735,-16.826],[-7.957,-29.258],[6.701,-37.569],[17.871,-21.781],[48.969,-11.974]],"o":[[-8.144,0.07],[-1.728,-0.349],[-41.176,-2.879],[-10.962,-8.917],[-23.797,-28.283],[-0.748,-4.469],[-0.084,-9.671],[0.763,-6.012],[10.211,-69.126],[21.242,-9.839],[1.67,-0.194],[0,0],[6.536,0.8],[23.141,0.814],[21.549,10.456],[21.424,21.544],[10.059,36.988],[-4.934,27.661],[-32.147,39.179],[-7.378,1.806]],"v":[[16.087,202.96],[-8.345,203.172],[-13.531,202.155],[-122.641,157.954],[-152.558,127.609],[-198.935,30.472],[-200.854,17.01],[-201.106,-12.003],[-198.799,-30.035],[-89.341,-179.845],[-22.854,-201.154],[-17.984,-202.959],[6.448,-203.172],[26.059,-200.861],[90.85,-182.496],[147.142,-139.863],[191.048,-63.34],[194.087,48.521],[160.621,122.713],[38.486,198.614]],"c":true},"ix":2},"nm":"Path 1","mn":"ADBE Vector Shape - Group","hd":false},{"ty":"fl","c":{"a":0,"k":[1,0.957000014361,0.882000014361,1],"ix":4},"o":{"a":0,"k":100,"ix":5},"r":1,"bm":0,"nm":"Fill 1","mn":"ADBE Vector Graphic - Fill","hd":false},{"ty":"tr","p":{"a":0,"k":[400.661,409.033],"ix":2},"a":{"a":0,"k":[0,0],"ix":1},"s":{"a":0,"k":[100,100],"ix":3},"r":{"a":0,"k":0,"ix":6},"o":{"a":0,"k":100,"ix":7},"sk":{"a":0,"k":0,"ix":4},"sa":{"a":0,"k":0,"ix":5},"nm":"Transform"}],"nm":"Group 1","np":2,"cix":2,"bm":0,"ix":1,"mn":"ADBE Vector Group","hd":false}],"ip":0,"op":30,"st":0,"bm":0}],"markers":[]}